time,open,high,low,close,volume
1782601500000,60230.5,60303.2,60210.8,60210.9,339.634
1782601800000,60210.8,60243.6,59988.9,60009.1,828.978
1782602100000,60009.1,60071.4,59994.9,60021.5,644.965
1782602400000,60021.4,60021.5,59913.9,59970.6,410.042
1782602700000,59970.6,59991.9,59937.9,59962.7,212.314
1782603000000,59962.8,60023.9,59937.9,60021.0,186.448
1782603300000,60021.0,60041.6,59966.6,60041.6,198.481
1782603600000,60041.5,60071.3,60020.0,60030.5,174.285
1782603900000,60030.5,60048.2,60001.5,60038.6,149.285
1782604200000,60038.7,60054.0,60020.0,60045.4,157.993
1782604500000,60045.5,60045.5,59979.6,60000.3,160.405
1782604800000,60000.4,60056.6,59983.3,60011.4,209.021
1782605100000,60011.3,60123.0,60010.8,60104.9,363.437
1782605400000,60104.8,60114.0,60080.0,60107.3,145.729
1782605700000,60107.2,60149.0,60099.8,60125.1,124.006
1782606000000,60125.1,60149.0,60111.6,60139.6,77.726
1782606300000,60139.5,60165.8,60130.8,60141.8,191.623
1782606600000,60141.9,60150.0,60110.2,60125.9,151.185
1782606900000,60126.0,60137.6,60057.1,60133.7,157.955
1782607200000,60133.6,60150.0,60107.1,60149.9,149.814
1782607500000,60150.0,60168.7,60110.2,60150.6,107.501
1782607800000,60150.6,60150.6,60111.0,60140.7,104.434
1782608100000,60140.7,60161.9,60117.5,60125.1,117.847
1782608400000,60125.1,60140.6,60007.2,60025.0,165.926
1782608700000,60024.9,60028.9,59950.0,60000.1,447.425
1782609000000,60000.1,60057.4,59985.0,60055.8,231.93
1782609300000,60055.8,60120.0,60034.8,60070.2,169.99
1782609600000,60070.3,60150.0,60070.2,60149.9,142.498
1782609900000,60150.0,60217.2,60149.9,60181.1,268.268
1782610200000,60181.0,60207.2,60159.8,60203.6,142.488
1782610500000,60203.6,60226.4,60183.0,60195.0,147.411
1782610800000,60195.0,60245.5,60186.9,60231.2,327.894
1782611100000,60231.1,60256.8,60203.9,60207.8,170.902
1782611400000,60207.8,60232.2,60178.0,60178.0,124.071
1782611700000,60178.1,60206.1,60175.2,60193.0,100.635
1782612000000,60193.1,60247.8,60193.0,60240.1,120.512
1782612300000,60240.0,60255.9,60230.9,60241.8,88.46
1782612600000,60241.9,60260.0,60241.8,60256.0,114.943
1782612900000,60256.0,60314.3,60210.4,60218.1,370.615
1782613200000,60218.1,60218.2,60017.2,60065.8,478.642
1782613500000,60065.9,60107.9,60033.6,60087.2,217.907
1782613800000,60087.2,60117.0,60082.8,60106.6,117.276
1782614100000,60106.6,60125.0,60099.7,60100.5,83.393
1782614400000,60100.6,60115.9,60066.4,60099.9,117.77
1782614700000,60100.0,60120.0,60074.1,60098.0,115.169
1782615000000,60098.0,60147.0,60097.9,60126.0,112.159
1782615300000,60126.0,60156.2,60121.2,60121.2,120.845
1782615600000,60121.2,60178.0,60121.2,60162.2,103.064
1782615900000,60162.2,60180.0,60147.8,60171.0,110.311
1782616200000,60171.0,60243.1,60170.9,60230.4,175.049
1782616500000,60230.5,60238.6,60145.9,60238.5,316.628
1782616800000,60238.5,60249.9,60219.1,60238.5,118.406
1782617100000,60238.4,60238.4,60225.1,60229.3,26.785
1782617400000,60229.4,60250.4,60181.3,60185.1,158.1
1782617700000,60185.0,60190.0,60164.1,60172.6,76.022
1782618000000,60172.6,60178.7,60146.9,60166.4,104.448
1782618300000,60166.4,60176.2,60152.6,60169.4,57.472
1782618600000,60169.4,60180.0,60128.2,60151.2,77.421
1782618900000,60151.1,60194.6,60146.0,60169.5,131.239
1782619200000,60169.5,60188.7,60105.7,60174.7,139.115
1782619500000,60174.7,60203.2,60150.4,60174.8,116.316
1782619800000,60174.9,60186.1,60159.3,60186.1,72.534
1782620100000,60186.1,60200.0,60170.1,60170.1,61.158
1782620400000,60170.2,60205.4,60170.1,60201.1,66.439
1782620700000,60201.1,60203.6,60165.1,60172.6,65.598
1782621000000,60172.5,60172.6,60060.0,60094.1,194.848
1782621300000,60094.1,60115.6,60086.4,60104.5,157.106
1782621600000,60104.5,60150.7,60104.4,60146.3,99.253
1782621900000,60146.3,60167.7,60132.4,60151.1,60.905
1782622200000,60151.2,60158.7,60126.0,60126.0,71.987
1782622500000,60126.1,60126.1,60093.0,60108.1,110.845
1782622800000,60108.0,60112.3,59934.3,59949.9,546.009
1782623100000,59950.0,60016.7,59936.8,59994.0,458.523
1782623400000,59993.9,60022.0,59970.0,59990.2,209.401
1782623700000,59990.2,59999.2,59908.3,59994.0,413.138
1782624000000,59994.0,59994.0,59856.9,59882.3,454.713
1782624300000,59882.3,59895.0,59714.8,59802.7,1522.306
1782624600000,59802.7,59905.0,59760.1,59900.2,909.716
1782624900000,59900.4,59934.4,59870.0,59886.9,273.548
1782625200000,59887.0,59906.3,59882.9,59892.8,150.461
1782625500000,59892.8,59920.4,59891.7,59902.1,154.04
1782625800000,59902.1,59931.3,59902.1,59931.2,132.646
1782626100000,59931.3,59987.2,59926.5,59956.6,213.699
1782626400000,59956.6,59997.4,59922.1,59928.9,268.306
1782626700000,59929.1,59968.0,59916.4,59949.2,231.807
1782627000000,59949.2,59949.2,59810.1,59811.8,365.285
1782627300000,59811.7,59938.1,59772.9,59895.1,737.211
1782627600000,59895.0,59923.3,59882.2,59888.0,179.601
1782627900000,59888.1,59905.6,59868.2,59900.0,143.795
1782628200000,59899.9,59948.6,59893.6,59941.7,200.539
1782628500000,59941.7,59948.5,59928.0,59937.3,76.435
1782628800000,59937.2,59968.5,59934.0,59937.9,146.811
1782629100000,59937.9,59983.0,59928.1,59983.0,120.141
1782629400000,59983.0,60020.0,59977.3,59985.0,330.813
1782629700000,59985.0,59985.0,59960.0,59970.0,114.41
1782630000000,59970.0,60165.8,59965.8,60095.1,881.644
1782630300000,60095.1,60098.4,60060.1,60076.4,181.225
1782630600000,60076.5,60130.0,60076.4,60112.9,168.626
1782630900000,60112.9,60114.5,60104.5,60112.5,144.553
1782631200000,60112.3,60114.9,60100.1,60102.4,94.331
1782631500000,60102.3,60102.4,60073.3,60075.9,91.934
1782631800000,60076.0,60101.5,60073.4,60101.5,166.664
1782632100000,60101.4,60247.1,60094.2,60180.1,651.846
1782632400000,60180.1,60210.0,60169.2,60193.7,322.225
1782632700000,60193.7,60230.8,60186.0,60217.3,327.661
1782633000000,60217.3,60244.3,60168.9,60178.1,253.69
1782633300000,60178.1,60192.5,60166.6,60192.5,148.824
1782633600000,60192.4,60227.0,60160.5,60181.9,285.962
1782633900000,60182.0,60182.0,60109.5,60109.9,277.66
1782634200000,60109.9,60159.5,60109.9,60159.4,128.198
1782634500000,60159.5,60188.2,60132.5,60145.5,199.921
1782634800000,60145.4,60201.1,60145.4,60192.3,158.276
1782635100000,60192.4,60209.7,60189.4,60196.5,136.059
1782635400000,60196.4,60217.4,60196.4,60214.2,165.823
1782635700000,60214.3,60543.3,60205.2,60444.9,2007.21
1782636000000,60445.0,60487.9,60380.0,60424.0,632.453
1782636300000,60424.0,60465.0,60391.5,60402.0,346.047
1782636600000,60402.0,60402.0,60365.7,60365.7,333.897
1782636900000,60365.8,60375.0,60340.0,60340.1,238.695
1782637200000,60340.1,60358.1,60263.4,60297.7,409.578
1782637500000,60297.7,60398.7,60297.6,60382.9,360.279
1782637800000,60382.9,60444.0,60324.9,60340.6,313.886
1782638100000,60340.6,60373.1,60327.8,60327.8,138.714
1782638400000,60327.7,60330.1,60286.2,60326.2,140.114
1782638700000,60326.2,60326.3,60287.8,60303.1,139.651
1782639000000,60303.1,60350.0,60283.0,60350.0,123.37
1782639300000,60350.0,60365.2,60315.1,60330.1,93.344
1782639600000,60330.1,60386.9,60330.0,60351.2,118.628
1782639900000,60351.2,60371.1,60275.0,60279.6,208.357
1782640200000,60279.6,60304.5,60232.9,60284.8,303.276
1782640500000,60284.8,60284.9,60223.1,60230.0,411.177
1782640800000,60230.0,60271.8,60161.2,60172.9,412.603
1782641100000,60172.9,60185.9,60154.4,60174.2,224.006
1782641400000,60174.2,60266.6,60170.0,60232.5,218.947
1782641700000,60232.4,60263.5,60174.0,60174.0,140.516
1782642000000,60174.1,60174.1,60119.8,60119.8,226.39
1782642300000,60119.8,60119.9,60037.0,60079.4,458.831
1782642600000,60079.5,60117.0,60066.2,60090.1,142.919
1782642900000,60090.1,60093.9,60046.0,60075.8,230.325
1782643200000,60075.8,60117.0,60075.7,60100.2,86.319
1782643500000,60100.3,60140.8,60100.2,60125.0,123.492
1782643800000,60124.9,60150.0,60116.4,60144.7,131.973
1782644100000,60144.8,60149.8,60134.8,60138.5,80.815
1782644400000,60138.4,60244.6,60138.4,60208.4,282.658
1782644700000,60208.3,60211.9,60100.0,60112.7,231.051
1782645000000,60112.7,60112.8,60091.4,60100.9,158.89
1782645300000,60100.9,60183.4,60098.8,60183.4,161.7
1782645600000,60183.4,60325.0,60181.6,60268.1,433.368
1782645900000,60268.1,60346.0,60262.6,60288.6,212.015
1782646200000,60288.5,60304.3,60275.0,60297.1,192.914
1782646500000,60297.2,60304.0,60235.4,60285.0,280.336
1782646800000,60284.9,60289.2,60250.0,60280.0,101.371
1782647100000,60279.9,60300.0,60228.6,60254.7,112.154
1782647400000,60254.7,60340.0,60243.3,60336.9,164.049
1782647700000,60336.8,60351.3,60300.0,60314.9,165.295
1782648000000,60315.0,60327.3,60291.2,60327.1,144.791
1782648300000,60327.1,60379.8,60305.4,60312.0,191.244
1782648600000,60312.1,60317.7,60265.1,60279.1,157.084
1782648900000,60279.1,60318.8,60167.6,60170.3,307.649
1782649200000,60170.2,60226.7,60161.2,60226.7,136.378
1782649500000,60226.7,60319.3,60208.9,60314.6,141.297
1782649800000,60314.7,60435.8,60286.2,60315.1,395.314
1782650100000,60315.0,60315.0,60189.9,60215.0,181.515
1782650400000,60214.9,60239.5,60174.6,60213.2,151.949
1782650700000,60213.3,60260.5,60213.2,60249.2,137.349
1782651000000,60249.2,60267.3,60240.0,60244.1,60.784
1782651300000,60244.1,60291.0,60240.0,60270.0,222.256
1782651600000,60269.9,60269.9,60008.8,60016.1,781.0
1782651900000,60016.0,60064.0,59934.3,59982.0,1037.886
1782652200000,59982.0,60122.7,59982.0,60099.7,453.102
1782652500000,60099.7,60120.2,60045.0,60070.0,257.468
1782652800000,60070.0,60140.3,60062.7,60125.0,189.092
1782653100000,60125.0,60142.0,60062.6,60097.6,122.682
1782653400000,60097.6,60160.7,60088.4,60134.7,206.337
1782653700000,60134.7,60145.8,60072.6,60087.9,199.475
1782654000000,60087.8,60110.3,60012.2,60100.1,520.918
1782654300000,60100.1,60108.6,60060.0,60072.4,252.548
1782654600000,60072.4,60100.0,60062.1,60066.2,91.86
1782654900000,60066.2,60071.3,60031.5,60044.5,177.95
1782655200000,60044.6,60097.5,60044.6,60063.7,124.98
1782655500000,60063.6,60117.7,60003.6,60111.2,251.141
1782655800000,60111.3,60150.0,60100.0,60150.0,141.051
1782656100000,60150.0,60228.5,60070.3,60202.7,426.264
1782656400000,60202.7,60227.6,60089.5,60125.8,257.033
1782656700000,60125.8,60138.0,60089.6,60130.1,146.972
1782657000000,60130.2,60170.0,60073.7,60126.6,151.053
1782657300000,60126.6,60147.6,60059.5,60085.3,372.584
1782657600000,60085.2,60100.7,60050.4,60085.0,103.462
1782657900000,60085.0,60151.5,60050.0,60069.9,483.136
1782658200000,60069.9,60069.9,59983.0,59994.9,272.084
1782658500000,59995.0,60027.0,59991.5,59995.3,207.631
1782658800000,59995.3,60055.0,59972.2,60044.5,247.674
1782659100000,60044.4,60068.1,59862.4,59890.1,762.752
1782659400000,59890.1,60053.2,59852.0,60046.4,660.326
1782659700000,60046.3,60103.2,59971.8,60036.6,325.171
1782660000000,60036.6,60036.6,60000.0,60025.4,161.232
1782660300000,60025.4,60050.9,60003.8,60008.6,145.603
1782660600000,60008.6,60070.1,59974.8,60056.2,220.558
1782660900000,60056.2,60070.0,59866.6,59896.7,967.889
1782661200000,59896.6,59945.7,59882.9,59939.1,427.108
1782661500000,59939.0,59939.0,59850.3,59868.4,261.426
1782661800000,59868.4,59971.8,59781.8,59826.9,1011.173
1782662100000,59827.0,59850.0,59802.0,59849.9,580.115
1782662400000,59850.0,59915.7,59834.3,59878.9,918.822
1782662700000,59878.9,59895.2,59770.9,59814.8,379.104
1782663000000,59814.8,59858.5,59798.0,59800.0,273.665
1782663300000,59800.1,59873.9,59751.6,59832.4,413.814
1782663600000,59832.4,59843.7,59750.3,59763.1,384.435
1782663900000,59763.1,59769.4,59645.0,59741.3,1434.566
1782664200000,59741.3,59768.3,59573.8,59619.9,1101.527
1782664500000,59620.0,59717.5,59601.5,59672.6,693.404
1782664800000,59672.1,59729.9,59578.0,59589.9,574.642
1782665100000,59589.9,59708.0,59550.0,59671.5,702.345
1782665400000,59671.4,59673.7,59595.2,59649.5,336.949
1782665700000,59649.5,59666.7,59640.0,59655.9,211.288
1782666000000,59655.9,59698.6,59622.0,59658.4,355.257
1782666300000,59658.3,59821.9,59650.0,59721.5,926.243
1782666600000,59721.5,59725.2,59523.0,59608.8,796.268
1782666900000,59608.9,59659.5,59566.0,59608.2,365.843
1782667200000,59608.2,59645.9,59589.0,59628.6,433.077
1782667500000,59628.6,59628.6,59563.6,59567.7,276.705
1782667800000,59567.8,59615.0,59544.0,59546.3,456.291
1782668100000,59546.3,59550.1,59366.6,59415.8,3238.676
1782668400000,59415.9,59533.0,59415.8,59505.1,537.51
1782668700000,59505.0,59563.4,59488.0,59490.5,304.633
1782669000000,59490.5,59604.8,59490.4,59556.9,452.831
1782669300000,59556.9,59608.0,59549.6,59557.3,258.584
1782669600000,59557.3,59678.8,59544.8,59629.3,556.316
1782669900000,59629.2,59666.6,59584.3,59644.2,254.636
1782670200000,59644.3,59653.0,59613.6,59616.4,187.054
1782670500000,59616.4,59637.7,59592.0,59598.2,290.986
1782670800000,59598.2,59632.3,59584.3,59604.9,169.625
1782671100000,59604.8,59646.3,59566.0,59579.2,251.46
1782671400000,59579.1,59649.4,59576.4,59588.6,260.225
1782671700000,59588.6,59600.0,59544.3,59547.9,218.253
1782672000000,59547.9,59611.5,59547.9,59568.2,171.311
1782672300000,59568.3,59595.0,59466.9,59488.9,313.451
1782672600000,59488.8,59571.1,59480.4,59517.4,279.044
1782672900000,59517.4,59599.6,59500.8,59580.7,218.596
1782673200000,59580.7,59584.2,59430.2,59470.8,311.468
1782673500000,59470.8,59522.7,59460.4,59518.9,178.398
1782673800000,59518.9,59522.2,59469.9,59478.6,188.371
1782674100000,59478.6,59490.5,59415.8,59440.0,218.323
1782674400000,59440.1,59508.6,59407.6,59480.6,229.331
1782674700000,59480.6,59520.0,59474.6,59520.0,140.002
1782675000000,59520.0,59658.2,59506.0,59583.4,509.652
1782675300000,59583.4,59583.4,59388.0,59416.7,616.613
1782675600000,59416.8,59422.2,59390.4,59408.1,293.495
1782675900000,59408.1,59412.0,59224.6,59329.4,2014.511
1782676200000,59329.3,59470.2,59304.9,59458.1,541.818
1782676500000,59458.0,59478.0,59410.1,59451.4,398.929
1782676800000,59451.3,59506.5,59443.8,59496.0,276.501
1782677100000,59496.1,59523.7,59483.3,59515.7,130.444
1782677400000,59515.7,59657.5,59515.7,59637.5,436.407
1782677700000,59637.4,59747.7,59627.6,59663.8,671.268
1782678000000,59663.9,59689.5,59650.0,59676.3,394.514
1782678300000,59676.4,59727.4,59653.4,59693.5,458.788
1782678600000,59693.5,59700.3,59650.0,59650.0,336.095
1782678900000,59650.1,59695.2,59606.3,59670.1,895.943
1782679200000,59670.0,59685.0,59644.8,59646.2,125.772
1782679500000,59646.2,59701.5,59625.3,59657.0,263.945
1782679800000,59657.0,59657.0,59623.3,59632.1,136.363
1782680100000,59632.1,59644.3,59632.1,59634.0,97.328
1782680400000,59634.1,59642.5,59623.0,59632.8,149.854
1782680700000,59632.8,59681.8,59628.8,59668.8,190.776
1782681000000,59668.8,59670.4,59623.0,59670.0,356.634
1782681300000,59670.0,59675.0,59633.9,59675.0,108.096
1782681600000,59675.0,59692.5,59635.5,59676.0,99.116
1782681900000,59676.0,59720.1,59651.9,59680.9,199.972
1782682200000,59681.0,59704.9,59672.5,59697.3,140.351
1782682500000,59697.3,59773.8,59661.3,59661.3,298.268
1782682800000,59661.3,59686.8,59628.6,59628.6,206.542
1782683100000,59628.6,59655.0,59355.3,59355.3,1797.351
1782683400000,59355.3,59399.8,59300.0,59365.2,805.339
1782683700000,59365.2,59418.1,59333.6,59418.1,298.361
1782684000000,59418.1,59883.2,59418.1,59766.8,2035.604
1782684300000,59766.5,59861.2,59641.9,59649.2,798.453
1782684600000,59649.1,59678.1,59576.1,59606.7,423.197
1782684900000,59606.7,59617.3,59250.0,59329.3,1455.044
1782685200000,59329.3,59500.0,59121.8,59467.3,1804.791
1782685500000,59467.2,59467.2,59228.0,59356.0,822.973
1782685800000,59356.1,59433.8,59164.9,59191.1,863.391
1782686100000,59191.5,59299.3,59142.4,59283.3,726.296
1782686400000,59283.3,59289.1,59041.8,59077.1,1246.744
1782686700000,59077.1,59193.6,59077.1,59173.1,499.852
1782687000000,59173.2,59173.2,58888.0,58988.6,2201.373
1782687300000,58988.1,59099.1,58986.0,59040.1,772.35
1782687600000,59040.0,59283.1,58975.0,59218.1,1273.218
1782687900000,59218.2,59323.0,59152.8,59271.3,437.757
1782688200000,59271.4,59341.2,59231.5,59235.3,353.443
1782688500000,59235.3,59391.6,59218.7,59355.0,381.279
1782688800000,59355.0,59381.8,59268.1,59366.1,240.423
1782689100000,59366.0,59560.0,59343.4,59508.4,996.574
1782689400000,59508.3,59640.6,59496.4,59587.2,965.052
1782689700000,59587.1,59820.4,59567.3,59788.5,1158.543
1782690000000,59788.4,59801.4,59691.3,59699.9,591.787
1782690300000,59699.9,59775.0,59673.3,59726.4,431.699
1782690600000,59726.3,59750.4,59625.2,59632.9,397.156
1782690900000,59632.9,59642.3,59544.7,59550.2,484.432
1782691200000,59550.2,59559.1,59357.9,59370.7,831.167
1782691500000,59370.6,59421.5,59237.6,59421.5,836.154
1782691800000,59421.5,59673.3,59409.6,59557.1,618.391
1782692100000,59557.1,59575.0,59320.0,59380.5,510.2
1782692400000,59380.5,59382.7,59165.3,59283.7,879.114
1782692700000,59283.7,59330.6,59180.9,59181.0,422.218
1782693000000,59181.0,59226.9,58980.0,59195.0,1540.7
1782693300000,59195.0,59195.0,58978.2,59077.7,993.019
1782693600000,59077.8,59361.4,59066.2,59355.5,706.385
1782693900000,59355.4,59355.5,59145.1,59288.8,453.501
1782694200000,59288.7,59473.7,59274.8,59473.7,528.299
1782694500000,59473.7,59678.1,59473.7,59637.3,919.34
1782694800000,59637.3,59674.3,59436.1,59448.2,701.84
1782695100000,59448.1,59609.4,59447.4,59512.8,356.777
1782695400000,59512.7,59534.2,59427.4,59462.5,187.636
1782695700000,59462.5,59493.8,59204.5,59270.1,766.247
1782696000000,59270.0,59319.3,59213.5,59312.5,473.362
1782696300000,59312.4,59419.9,59268.0,59276.3,424.151
1782696600000,59276.3,59349.9,59170.5,59224.1,469.963
1782696900000,59224.1,59470.8,59209.4,59463.0,394.694
1782697200000,59463.0,59550.0,59463.0,59523.6,459.952
1782697500000,59523.6,59551.7,59430.3,59532.1,357.668
1782697800000,59532.1,59546.0,59403.8,59470.0,270.905
1782698100000,59469.9,59509.3,59411.0,59413.0,172.091
1782698400000,59413.0,59493.9,59320.0,59381.9,299.149
1782698700000,59381.9,59420.0,59211.9,59217.6,411.32
1782699000000,59217.5,59249.2,58850.0,58998.3,2490.646
1782699300000,58998.3,59197.2,58950.3,59110.0,871.625
1782699600000,59110.1,59319.3,59110.1,59274.4,704.4
1782699900000,59274.4,59576.8,59257.5,59522.8,1912.026
1782700200000,59522.8,59550.0,59477.0,59497.5,1462.799
1782700500000,59497.5,59681.4,59490.0,59634.1,1283.289
1782700800000,59634.1,59784.9,59616.0,59751.4,1427.516
1782701100000,59751.4,59788.0,59681.0,59763.6,855.484
1782701400000,59763.6,59763.6,59679.9,59683.8,348.913
1782701700000,59683.7,59787.0,59683.7,59731.7,1930.609
1782702000000,59731.8,59975.0,59731.8,59902.4,2359.427
1782702300000,59902.4,60166.0,59902.4,60057.6,2654.667
1782702600000,60057.6,60150.0,59960.1,59978.3,674.627
1782702900000,59978.2,60000.0,59942.3,59985.0,345.221
1782703200000,59985.0,60085.7,59961.0,60075.0,586.768
1782703500000,60075.1,60219.4,60034.4,60151.7,867.96
1782703800000,60151.8,60188.0,60002.6,60035.5,598.838
1782704100000,60035.4,60038.9,59846.6,59897.5,775.866
1782704400000,59897.5,59928.3,59850.0,59891.1,397.849
1782704700000,59891.0,60000.0,59850.3,59967.8,274.624
1782705000000,59967.8,60057.8,59927.6,59988.1,260.559
1782705300000,59988.1,60039.5,59932.9,60019.8,185.893
1782705600000,60019.9,60031.5,59944.1,59970.6,275.479
1782705900000,59970.5,59980.8,59902.8,59925.8,174.994
1782706200000,59925.7,59940.9,59875.0,59897.4,154.433
1782706500000,59897.4,59954.2,59879.4,59900.1,144.922
1782706800000,59900.1,59925.0,59810.5,59921.0,258.658
1782707100000,59921.0,59975.1,59912.8,59931.7,166.461
1782707400000,59931.8,59939.8,59861.1,59867.0,153.2
1782707700000,59867.0,59887.7,59778.0,59797.8,372.957
1782708000000,59797.8,59817.9,59717.0,59814.5,471.597
1782708300000,59814.5,59822.9,59756.8,59812.0,235.423
1782708600000,59812.0,59885.5,59785.2,59859.0,203.944
1782708900000,59858.9,59858.9,59764.7,59806.2,134.003
1782709200000,59806.2,59839.9,59660.1,59667.9,470.111
1782709500000,59667.9,59667.9,59436.2,59537.4,1597.593
1782709800000,59537.2,59575.2,59360.3,59504.8,996.958
1782710100000,59504.9,59691.5,59500.9,59574.4,635.432
1782710400000,59574.4,59648.4,59569.9,59635.7,281.771
1782710700000,59635.8,59694.6,59628.2,59662.2,307.143
1782711000000,59662.1,59777.0,59616.5,59777.0,340.028
1782711300000,59777.0,59815.2,59690.1,59740.0,290.377
1782711600000,59739.9,59904.8,59701.5,59888.7,447.199
1782711900000,59888.6,59983.3,59873.8,59900.0,542.724
1782712200000,59899.9,59975.4,59874.4,59967.1,367.776
1782712500000,59967.1,60088.0,59935.4,60082.7,692.141
1782712800000,60082.7,60200.0,60065.6,60119.8,1291.906
1782713100000,60119.7,60175.0,60056.9,60142.2,656.596
1782713400000,60142.3,60159.9,60091.7,60149.7,385.335
1782713700000,60149.7,60325.0,60094.3,60278.3,1667.168
1782714000000,60278.2,60308.8,60203.4,60241.6,627.708
1782714300000,60241.6,60270.0,60130.1,60140.4,619.873
1782714600000,60140.4,60180.0,60084.5,60107.3,465.204
1782714900000,60107.3,60107.4,60043.6,60045.6,540.498
1782715200000,60045.6,60125.0,60045.4,60048.1,255.261
1782715500000,60048.2,60098.5,60022.2,60022.2,338.651
1782715800000,60022.3,60138.7,60022.3,60090.3,335.393
1782716100000,60090.3,60101.4,60050.6,60051.0,188.406
1782716400000,60051.1,60054.1,59900.7,60013.1,778.928
1782716700000,60013.1,60027.6,59966.4,59982.1,356.209
1782717000000,59982.1,60053.0,59954.6,60053.0,266.75
1782717300000,60053.0,60162.5,60028.2,60042.8,396.095
1782717600000,60042.8,60075.1,60005.4,60027.7,194.088
1782717900000,60027.7,60119.4,59992.6,60072.1,208.141
1782718200000,60072.2,60093.0,60032.7,60050.4,172.16
1782718500000,60050.3,60110.8,60050.3,60085.0,216.417
1782718800000,60084.9,60085.0,60017.8,60026.8,197.731
1782719100000,60026.8,60063.0,60014.9,60060.0,216.368
1782719400000,60060.0,60108.8,60052.3,60054.3,323.674
1782719700000,60054.2,60076.7,59998.9,59998.9,309.224
1782720000000,59998.9,60070.1,59960.1,60044.1,398.324
1782720300000,60044.0,60049.7,59868.5,59950.7,549.197
1782720600000,59950.8,59988.5,59912.8,59938.3,337.28
1782720900000,59938.2,60038.3,59924.6,59966.5,282.937
1782721200000,59966.4,59989.0,59846.0,59896.1,530.628
1782721500000,59896.1,59899.9,59781.8,59803.0,789.976
1782721800000,59802.8,59885.3,59712.8,59851.5,829.43
1782722100000,59851.6,59888.0,59813.1,59867.2,287.28
1782722400000,59867.2,59877.7,59775.4,59840.2,171.15
1782722700000,59840.1,59927.6,59831.2,59889.5,365.684
1782723000000,59889.5,59900.0,59850.0,59857.7,174.421
1782723300000,59857.6,59857.7,59805.0,59806.9,183.112
1782723600000,59806.9,59864.9,59777.8,59843.3,262.569
1782723900000,59843.3,59860.6,59810.2,59852.2,139.735
1782724200000,59852.1,59932.7,59841.9,59921.0,245.054
1782724500000,59921.0,60089.1,59914.3,59969.1,1014.24
1782724800000,59969.1,60010.0,59841.4,59874.0,292.861
1782725100000,59874.0,59952.7,59750.1,59906.0,1125.543
1782725400000,59906.0,59977.4,59906.0,59945.8,273.445
1782725700000,59945.8,59945.8,59856.2,59914.3,213.151
1782726000000,59914.2,59976.1,59873.1,59946.7,562.489
1782726300000,59946.7,60041.8,59941.5,60000.2,316.567
1782726600000,60000.2,60030.0,59895.2,59979.1,456.016
1782726900000,59979.2,60050.0,59979.1,60031.3,192.835
1782727200000,60031.3,60174.7,60031.3,60130.7,675.438
1782727500000,60130.7,60250.0,60105.6,60249.9,591.801
1782727800000,60249.9,60287.1,60148.8,60207.1,1141.284
1782728100000,60207.1,60287.0,60169.1,60275.8,682.9
1782728400000,60275.8,60283.2,60188.6,60214.3,411.43
1782728700000,60214.4,60214.4,60154.2,60191.2,291.907
1782729000000,60191.3,60195.9,60073.5,60138.0,397.943
1782729300000,60137.9,60143.2,60048.3,60092.8,437.883
1782729600000,60092.9,60119.6,60080.0,60106.3,131.41
1782729900000,60106.3,60132.0,60049.2,60073.6,336.878
1782730200000,60073.5,60114.5,60037.0,60054.9,201.159
1782730500000,60054.8,60075.5,60039.9,60062.4,211.875
1782730800000,60062.3,60075.9,59975.4,60012.4,352.949
1782731100000,60012.4,60022.9,59969.0,59995.9,254.675
1782731400000,59996.0,59996.0,59919.0,59919.1,425.479
1782731700000,59919.1,59940.0,59850.2,59880.0,430.646
1782732000000,59880.0,59897.6,59858.1,59897.5,340.728
1782732300000,59897.6,59974.2,59897.5,59965.8,448.691
1782732600000,59965.7,60193.2,59923.3,59945.7,1205.265
1782732900000,59945.8,59946.2,59784.0,59807.2,438.47
1782733200000,59807.1,59869.1,59787.9,59830.4,528.412
1782733500000,59830.4,59867.9,59773.5,59773.5,306.921
1782733800000,59773.5,59827.4,59770.4,59785.1,283.93
1782734100000,59785.2,59979.5,59785.1,59927.2,1046.642
1782734400000,59927.2,60388.0,59552.6,60317.8,8554.755
1782734700000,60317.7,60722.0,60308.4,60447.8,6519.85
1782735000000,60447.8,60758.3,60368.8,60651.0,3126.231
1782735300000,60651.1,60742.1,60565.5,60702.0,1927.138
1782735600000,60702.1,60741.3,60383.8,60399.9,2689.106
1782735900000,60399.9,60478.5,60390.0,60412.2,948.02
1782736200000,60412.3,60438.8,60320.0,60344.1,1069.513
1782736500000,60344.0,60357.8,59829.3,59867.4,4556.958
1782736800000,59867.4,59943.0,59774.0,59919.9,2782.783
1782737100000,59920.0,60025.9,59890.4,59890.4,972.584
1782737400000,59890.4,59940.9,59749.0,59900.1,1311.438
1782737700000,59900.0,59960.0,59895.4,59923.5,505.237
1782738000000,59923.5,60111.9,59923.5,60094.2,1004.968
1782738300000,60094.2,60217.7,60043.6,60068.6,941.693
1782738600000,60068.6,60313.0,60055.7,60191.9,890.194
1782738900000,60191.9,60281.9,60180.2,60251.6,392.336
1782739200000,60251.6,60257.7,60033.1,60038.6,727.827
1782739500000,60038.6,60046.6,59933.8,59950.1,825.346
1782739800000,59950.0,60253.3,59804.0,60083.3,1986.05
1782740100000,60083.3,60083.3,59701.6,59716.9,2043.951
1782740400000,59716.9,59769.7,59421.0,59432.2,5024.632
1782740700000,59432.2,59548.9,59302.8,59371.0,3621.661
1782741000000,59371.0,59577.6,59313.9,59431.4,2534.828
1782741300000,59431.4,59568.9,59333.6,59559.3,1682.891
1782741600000,59559.4,59575.0,59373.2,59464.9,1273.772
1782741900000,59464.8,59464.9,59150.0,59251.8,3035.024
1782742200000,59251.8,59322.4,59063.0,59070.2,3091.717
1782742500000,59070.1,59230.1,58988.0,59122.9,3912.301
1782742800000,59122.8,59285.7,59014.8,59282.4,1637.062
1782743100000,59282.3,59546.3,59258.7,59481.6,2572.144
1782743400000,59481.6,59689.6,59323.9,59556.0,2332.403
1782743700000,59556.0,59599.0,59489.0,59540.8,883.646
1782744000000,59540.9,59543.4,59285.7,59289.2,1018.492
1782744300000,59289.1,59363.8,59221.2,59342.7,798.354
1782744600000,59342.8,59587.6,59292.9,59563.3,1121.98
1782744900000,59563.2,59563.2,59355.4,59444.0,659.387
1782745200000,59444.1,59456.6,59165.5,59199.7,1000.435
1782745500000,59199.7,59241.8,59100.0,59233.6,1024.681
1782745800000,59233.7,59284.0,59067.6,59236.6,809.866
1782746100000,59236.7,59382.0,59223.4,59366.8,707.488
1782746400000,59366.7,59366.7,59111.4,59193.7,982.99
1782746700000,59193.5,59475.0,59146.3,59470.4,738.079
1782747000000,59470.4,59697.8,59470.4,59616.1,2776.505
1782747300000,59616.1,59855.0,59571.6,59793.9,3192.937
1782747600000,59793.8,59832.5,59643.7,59809.4,2385.408
1782747900000,59809.4,59922.5,59735.5,59900.9,3072.583
1782748200000,59901.0,59939.2,59814.9,59889.5,1139.927
1782748500000,59889.5,59928.6,59785.9,59800.2,608.313
1782748800000,59800.3,59817.9,59754.4,59776.2,711.384
1782749100000,59776.3,59925.3,59773.4,59773.4,793.915
1782749400000,59773.4,59821.2,59684.2,59709.9,848.411
1782749700000,59709.9,59765.9,59707.2,59753.2,285.24
1782750000000,59753.3,59753.3,59638.1,59661.8,496.405
1782750300000,59661.7,59679.4,59562.6,59583.6,527.052
1782750600000,59583.6,59723.8,59583.6,59674.5,531.005
1782750900000,59674.5,59815.5,59655.8,59810.7,352.564
1782751200000,59810.7,59872.8,59788.1,59859.4,602.847
1782751500000,59859.5,59949.3,59806.3,59941.1,495.285
1782751800000,59941.0,59999.0,59810.6,59848.8,666.424
1782752100000,59848.9,59896.7,59803.0,59870.9,232.709
1782752400000,59870.9,60156.5,59870.9,60140.5,1879.355
1782752700000,60140.6,60264.9,60140.4,60195.2,1753.422
1782753000000,60195.2,60480.0,60195.2,60440.7,2284.184
1782753300000,60440.7,60624.1,60440.7,60577.3,3641.193
1782753600000,60577.3,60620.0,60384.4,60415.3,1715.882
1782753900000,60415.3,60552.1,60380.2,60526.8,1036.501
1782754200000,60526.8,60666.6,60473.6,60483.0,1276.915
1782754500000,60483.0,60483.0,60368.0,60414.1,813.682
1782754800000,60414.1,60640.0,60414.1,60594.5,875.256
1782755100000,60594.6,60637.6,60517.1,60559.3,775.301
1782755400000,60559.4,60564.4,60450.6,60479.8,712.549
1782755700000,60479.8,60518.7,60376.8,60396.0,666.953
1782756000000,60396.0,60426.0,60300.3,60407.9,800.051
1782756300000,60407.9,60483.8,60378.4,60451.2,540.529
1782756600000,60451.2,60500.1,60441.8,60499.9,382.494
1782756900000,60500.0,60500.0,60355.3,60441.4,480.056
1782757200000,60441.4,60458.9,60406.5,60412.0,277.684
1782757500000,60411.9,60412.8,60200.5,60254.4,1423.58
1782757800000,60254.4,60317.8,60214.0,60229.8,483.623
1782758100000,60229.8,60282.0,60179.8,60249.6,1062.422
1782758400000,60249.6,60285.3,60200.0,60265.6,611.096
1782758700000,60265.5,60274.1,60220.0,60237.7,266.116
1782759000000,60237.7,60237.7,60150.2,60213.4,447.484
1782759300000,60213.3,60275.4,60207.1,60275.4,149.544
1782759600000,60275.4,60288.5,60151.6,60165.1,310.726
1782759900000,60165.1,60198.8,60127.4,60191.8,504.615
1782760200000,60191.9,60245.9,60172.5,60178.9,228.839
1782760500000,60178.9,60265.1,60164.0,60261.6,239.903
1782760800000,60261.6,60404.9,60254.0,60368.2,622.54
1782761100000,60368.1,60459.0,60320.9,60430.2,538.083
1782761400000,60430.2,60445.7,60289.9,60299.7,610.582
1782761700000,60299.6,60368.0,60284.0,60343.9,294.109
1782762000000,60344.0,60451.9,60316.8,60443.1,411.216
1782762300000,60443.0,60506.1,60420.6,60491.9,491.334
1782762600000,60491.9,60540.0,60389.8,60451.0,1087.288
1782762900000,60451.1,60517.7,60399.5,60409.3,686.906
1782763200000,60409.3,60535.0,60402.6,60484.3,703.541
1782763500000,60484.3,60491.1,60410.0,60428.8,730.181
1782763800000,60428.8,60469.8,60400.0,60410.0,560.832
1782764100000,60409.9,60416.2,60334.4,60356.2,203.401
1782764400000,60356.1,60424.7,60348.0,60403.6,215.24
1782764700000,60403.6,60464.7,60369.1,60380.6,440.076
1782765000000,60380.6,60451.3,60371.9,60444.1,150.827
1782765300000,60444.2,60456.1,60386.6,60439.3,449.541
1782765600000,60439.3,60440.3,60386.0,60392.6,266.253
1782765900000,60392.7,60392.7,60321.4,60372.7,445.561
1782766200000,60372.6,60372.6,60277.4,60282.0,616.347
1782766500000,60282.0,60297.1,60265.1,60271.2,172.354
1782766800000,60271.2,60333.3,60234.2,60264.4,324.374
1782767100000,60264.5,60327.0,60232.1,60293.7,316.797
1782767400000,60293.8,60390.5,60293.8,60383.7,211.247
1782767700000,60383.8,60383.9,60290.1,60290.1,252.983
1782768000000,60290.1,60315.0,60276.1,60278.0,169.296
1782768300000,60278.0,60329.2,60276.2,60325.1,119.862
1782768600000,60325.1,60406.1,60325.1,60383.0,131.438
1782768900000,60383.1,60447.0,60371.5,60447.0,181.477
1782769200000,60446.9,60470.0,60380.5,60436.1,301.647
1782769500000,60436.1,60494.4,60436.1,60482.5,156.197
1782769800000,60482.5,60565.6,60454.5,60545.0,348.858
1782770100000,60545.0,60545.0,60434.3,60454.9,307.85
1782770400000,60454.9,60471.4,60424.1,60438.8,153.276
1782770700000,60438.9,60464.7,60378.1,60419.9,153.11
1782771000000,60420.0,60426.0,60333.1,60426.0,368.863
1782771300000,60426.0,60463.0,60406.1,60463.0,148.184
1782771600000,60462.9,60493.2,60407.6,60420.2,179.363
1782771900000,60420.2,60441.1,60400.0,60414.6,125.566
1782772200000,60414.5,60433.5,60361.9,60366.1,148.841
1782772500000,60366.2,60372.0,60314.0,60334.3,164.376
1782772800000,60334.4,60371.0,60328.9,60360.0,105.208
1782773100000,60360.0,60396.0,60355.9,60389.9,142.401
1782773400000,60389.9,60406.0,60341.8,60402.0,214.58
1782773700000,60402.0,60402.0,60319.0,60326.5,162.628
1782774000000,60326.4,60353.9,60321.7,60327.1,125.169
1782774300000,60327.1,60327.1,60302.9,60322.2,105.466
1782774600000,60322.1,60335.9,60300.0,60316.0,225.004
1782774900000,60316.1,60339.1,60302.8,60303.9,158.871
1782775200000,60304.0,60304.0,60134.0,60222.7,847.05
1782775500000,60222.7,60229.0,60198.3,60199.5,181.202
1782775800000,60199.5,60261.1,60185.6,60225.8,244.785
1782776100000,60225.7,60267.6,60207.5,60247.1,158.527
1782776400000,60247.1,60247.1,60216.9,60219.5,140.096
1782776700000,60219.5,60265.5,60207.5,60239.4,389.451
1782777000000,60239.4,60258.4,60191.7,60197.7,166.676
1782777300000,60197.7,60244.0,60185.0,60224.7,305.067
1782777600000,60224.7,60250.0,60164.3,60240.8,426.426
1782777900000,60240.8,60240.8,60165.0,60165.1,339.554
1782778200000,60165.1,60228.1,60110.0,60171.0,365.351
1782778500000,60171.1,60207.0,60122.3,60129.8,232.786
1782778800000,60129.8,60144.0,60058.0,60070.7,456.847
1782779100000,60070.7,60077.4,59888.0,59908.5,1119.265
1782779400000,59908.4,59911.3,59668.6,59853.9,2870.893
1782779700000,59853.8,59873.3,59691.8,59700.0,864.249
1782780000000,59700.1,59772.5,59667.5,59747.6,813.832
1782780300000,59747.5,59863.5,59721.9,59828.4,614.278
1782780600000,59828.4,59920.8,59739.6,59839.8,748.869
1782780900000,59839.8,59853.7,59795.6,59806.1,280.897
1782781200000,59806.1,59841.0,59753.1,59829.9,451.873
1782781500000,59829.8,59831.1,59740.0,59763.6,404.649
1782781800000,59763.6,59827.2,59756.9,59797.8,325.429
1782782100000,59797.8,59969.6,59779.2,59945.1,545.026
1782782400000,59945.2,59963.3,59887.0,59909.9,308.357
1782782700000,59910.0,60023.9,59900.0,60010.2,502.211
1782783000000,60010.2,60024.9,59957.3,59963.5,322.6
1782783300000,59963.6,59979.6,59795.1,59843.0,774.522
1782783600000,59843.1,59850.0,59759.8,59804.0,440.829
1782783900000,59804.0,59890.0,59801.2,59890.0,251.554
1782784200000,59890.0,59895.0,59856.0,59884.2,171.333
1782784500000,59884.3,59922.2,59879.5,59919.6,183.923
1782784800000,59919.6,59928.0,59843.1,59849.4,230.927
1782785100000,59849.4,59892.1,59847.0,59888.5,180.137
1782785400000,59888.4,59888.4,59740.1,59761.2,509.273
1782785700000,59761.3,59787.4,59719.6,59787.3,448.275
1782786000000,59787.4,59895.0,59787.3,59895.0,242.516
1782786300000,59895.0,59968.0,59894.9,59947.2,204.896
1782786600000,59947.3,59949.0,59892.0,59945.1,233.471
1782786900000,59945.0,60001.0,59935.2,59987.9,308.506
1782787200000,59987.9,60004.3,59983.5,59985.6,241.232
1782787500000,59985.5,60020.0,59985.2,60017.5,244.752
1782787800000,60017.5,60021.4,59995.4,60005.5,242.068
1782788100000,60005.4,60005.5,59907.4,59920.4,384.157
1782788400000,59920.4,59959.7,59912.7,59918.6,313.964
1782788700000,59918.7,59950.0,59832.1,59885.5,385.358
1782789000000,59885.6,59921.5,59864.9,59877.8,210.085
1782789300000,59877.8,60007.9,59866.2,59988.8,346.756
1782789600000,59988.9,60002.3,59802.1,59802.3,247.622
1782789900000,59802.3,59855.4,59791.3,59832.9,241.055
1782790200000,59832.8,59832.9,59723.1,59741.8,844.681
1782790500000,59741.9,59770.1,59724.9,59741.8,362.242
1782790800000,59741.8,59749.3,59713.8,59714.0,231.933
1782791100000,59714.0,59714.0,59579.1,59653.8,1675.734
1782791400000,59653.8,59674.3,59582.7,59600.8,325.707
1782791700000,59600.8,59625.2,59570.0,59596.1,385.366
1782792000000,59596.1,59601.4,59522.0,59533.0,834.639
1782792300000,59532.9,59550.4,59420.0,59443.3,1199.048
1782792600000,59443.3,59558.0,59400.0,59529.6,1072.911
1782792900000,59529.6,59533.6,59433.9,59441.6,556.336
1782793200000,59441.6,59500.0,59410.0,59446.9,506.384
1782793500000,59446.9,59554.5,59446.9,59521.6,585.236
1782793800000,59521.5,59641.3,59520.0,59641.3,775.724
1782794100000,59641.3,59672.1,59575.0,59575.0,480.845
1782794400000,59575.0,59591.6,59509.9,59580.2,607.71
1782794700000,59580.2,59580.2,59500.2,59520.0,562.905
1782795000000,59519.9,59529.6,59431.0,59449.9,571.354
1782795300000,59449.9,59483.3,59418.3,59458.3,313.444
1782795600000,59458.3,59511.1,59436.5,59487.2,576.589
1782795900000,59487.2,59491.8,59412.1,59435.3,377.516
1782796200000,59435.3,59435.3,59329.2,59410.7,1295.602
1782796500000,59410.8,59412.5,59351.0,59370.5,302.775
1782796800000,59370.5,59470.3,59370.4,59464.9,485.346
1782797100000,59465.0,59469.0,59343.0,59356.4,365.491
1782797400000,59356.4,59382.3,59336.0,59361.7,629.463
1782797700000,59361.7,59415.6,59330.0,59406.2,529.575
1782798000000,59406.2,59550.7,59391.1,59541.2,1297.566
1782798300000,59541.2,59596.2,59523.4,59587.0,496.828
1782798600000,59587.0,59593.3,59530.0,59581.7,328.695
1782798900000,59581.7,59633.5,59576.4,59627.7,573.096
1782799200000,59627.8,59649.7,59530.1,59555.9,427.69
1782799500000,59555.9,59555.9,59514.0,59518.9,147.578
1782799800000,59518.8,59555.0,59508.8,59546.9,159.728
1782800100000,59546.9,59555.3,59508.0,59541.7,157.359
1782800400000,59541.6,59552.5,59488.6,59544.8,631.053
1782800700000,59544.7,59698.9,59503.0,59669.2,804.747
1782801000000,59669.1,59691.6,59542.4,59552.8,430.144
1782801300000,59552.7,59619.5,59520.5,59545.1,260.02
1782801600000,59545.1,59597.9,59531.1,59541.6,224.097
1782801900000,59541.7,59585.3,59524.9,59575.1,146.541
1782802200000,59575.2,59575.2,59529.9,59529.9,136.997
1782802500000,59529.9,59575.2,59529.9,59571.7,210.867
1782802800000,59571.6,59611.7,59556.0,59564.0,243.797
1782803100000,59564.1,59565.7,59435.5,59467.6,349.59
1782803400000,59467.7,59479.1,59423.3,59471.6,266.353
1782803700000,59471.6,59513.4,59456.5,59476.6,234.278
1782804000000,59476.6,59492.1,59442.6,59492.0,126.999
1782804300000,59492.1,59556.8,59430.0,59450.8,493.463
1782804600000,59450.8,59541.9,59450.8,59500.9,234.632
1782804900000,59500.9,59547.0,59441.6,59449.5,439.621
1782805200000,59449.5,59538.9,59449.4,59490.3,586.731
1782805500000,59490.3,59541.1,59476.3,59497.9,241.472
1782805800000,59497.8,59516.9,59440.5,59510.4,368.805
1782806100000,59510.3,59514.1,59484.8,59497.7,238.757
1782806400000,59497.7,59532.7,59480.2,59503.2,318.605
1782806700000,59503.2,59520.4,59450.0,59450.2,221.522
1782807000000,59450.1,59500.0,59405.0,59405.0,391.199
1782807300000,59405.0,59405.1,59357.6,59400.8,558.554
1782807600000,59400.7,59411.9,59335.0,59393.5,485.796
1782807900000,59393.5,59419.2,59343.0,59383.9,382.027
1782808200000,59383.9,59420.2,59290.0,59296.5,794.491
1782808500000,59296.5,59307.1,59188.0,59237.3,2466.585
1782808800000,59237.2,59273.4,59212.0,59250.2,845.489
1782809100000,59250.1,59263.9,59159.0,59254.3,942.325
1782809400000,59254.2,59362.7,59211.1,59325.9,870.282
1782809700000,59326.0,59331.3,59239.1,59285.8,586.457
1782810000000,59285.8,59379.0,59276.0,59377.6,676.088
1782810300000,59377.6,59377.6,59276.0,59278.6,329.995
1782810600000,59278.6,59341.5,59256.5,59323.3,337.969
1782810900000,59323.3,59349.9,59264.6,59330.8,293.092
1782811200000,59330.7,59330.8,59236.6,59307.6,644.825
1782811500000,59307.6,59324.3,59274.9,59275.3,161.662
1782811800000,59275.3,59289.1,59225.0,59258.8,269.856
1782812100000,59258.9,59318.0,59250.1,59309.4,250.611
1782812400000,59309.3,59370.1,59309.3,59331.4,649.323
1782812700000,59331.5,59363.2,59331.4,59363.2,162.372
1782813000000,59363.1,59397.0,59350.4,59350.5,239.187
1782813300000,59350.5,59360.1,59340.6,59348.7,152.983
1782813600000,59348.7,59379.2,59340.6,59340.7,186.065
1782813900000,59340.6,59403.0,59309.5,59337.7,414.992
1782814200000,59337.7,59355.4,59285.7,59342.4,180.019
1782814500000,59342.4,59400.0,59342.0,59354.7,188.34
1782814800000,59354.7,59368.3,59308.6,59325.4,172.045
1782815100000,59325.5,59359.5,59325.5,59344.4,79.375
1782815400000,59344.3,59347.7,59313.3,59332.1,151.014
1782815700000,59332.1,59332.1,59264.5,59278.3,263.247
1782816000000,59278.4,59316.8,59278.4,59308.8,150.671
1782816300000,59308.9,59345.2,59284.2,59300.1,149.238
1782816600000,59300.1,59324.9,59265.0,59320.8,157.323
1782816900000,59320.8,59378.8,59299.3,59303.6,288.571
1782817200000,59303.7,59372.4,59294.5,59367.5,235.727
1782817500000,59367.5,59399.3,59344.7,59373.3,183.124
1782817800000,59373.2,59379.9,59355.4,59357.8,150.016
1782818100000,59357.9,59367.7,59276.3,59293.4,286.43
1782818400000,59293.3,59316.5,59225.0,59227.8,348.577
1782818700000,59227.8,59235.5,59161.7,59191.1,718.629
1782819000000,59191.2,59247.7,59100.0,59110.5,1298.686
1782819300000,59110.5,59209.9,59110.5,59165.1,922.947
1782819600000,59165.0,59245.0,59157.4,59218.6,400.355
1782819900000,59218.6,59291.0,59218.5,59259.5,466.6
1782820200000,59259.5,59316.3,59171.5,59196.4,523.489
1782820500000,59196.3,59196.4,59130.0,59162.3,679.738
1782820800000,59162.2,59162.3,59027.4,59037.7,1467.192
1782821100000,59037.6,59060.5,58955.6,59020.1,2077.779
1782821400000,59020.2,59081.3,58980.1,58987.8,684.094
1782821700000,58987.7,59046.3,58983.5,59003.5,750.954
1782822000000,59003.6,59009.8,58822.0,58827.6,3034.547
1782822300000,58827.6,58899.7,58724.5,58832.8,3472.714
1782822600000,58832.9,58861.7,58745.0,58763.2,1089.267
1782822900000,58763.1,58842.5,58759.8,58834.8,624.766
1782823200000,58834.8,58850.0,58787.3,58813.2,509.385
1782823500000,58813.3,58828.8,58650.0,58654.3,1982.285
1782823800000,58654.3,58667.0,58568.8,58637.0,2537.99
1782824100000,58637.1,58677.4,58351.0,58374.8,7012.067
1782824400000,58374.8,58519.9,58285.0,58440.1,3943.095
1782824700000,58440.0,58621.2,58435.2,58585.6,2884.77
1782825000000,58586.0,58600.0,58385.6,58430.3,2413.294
1782825300000,58430.3,58553.0,58426.5,58508.0,908.953
1782825600000,58508.1,58570.1,58401.5,58423.2,1122.926
1782825900000,58423.3,58492.8,58423.3,58484.9,465.5
1782826200000,58484.9,58732.0,58200.0,58350.5,5680.993
1782826500000,58350.5,58406.1,58210.2,58329.4,1977.514
1782826800000,58329.4,58558.2,58322.3,58535.1,1883.647
1782827100000,58535.0,58584.7,58431.4,58480.1,1286.213
1782827400000,58480.0,58791.7,58475.0,58644.7,2314.364
1782827700000,58644.8,58721.8,58565.6,58711.9,1153.29
1782828000000,58711.8,59264.4,58627.6,58993.0,7193.029
1782828300000,58993.0,59037.0,58920.2,58955.3,1317.833
1782828600000,58955.4,59023.0,58818.5,58971.7,1487.938
1782828900000,58971.7,59015.4,58858.0,58937.2,975.912
1782829200000,58937.1,59125.4,58892.9,59017.1,1420.316
1782829500000,59017.1,59080.0,58966.6,59014.2,786.927
1782829800000,59014.1,59079.8,58869.9,58981.6,1756.114
1782830100000,58981.5,58985.9,58550.0,58666.7,2812.977
1782830400000,58666.7,58911.1,58614.9,58894.8,1457.063
1782830700000,58894.8,58894.8,58565.0,58616.0,1040.01
1782831000000,58616.1,58680.3,58462.6,58482.6,1175.812
1782831300000,58482.7,58586.1,58400.1,58458.6,1621.761
1782831600000,58458.7,58579.4,58275.0,58288.0,2141.007
1782831900000,58287.9,58371.0,58171.0,58315.8,2882.236
1782832200000,58315.7,58460.0,58288.0,58419.9,1189.318
1782832500000,58420.0,58449.2,58160.0,58332.1,3764.753
1782832800000,58332.1,58418.3,58284.6,58393.1,987.957
1782833100000,58393.2,58452.4,58335.1,58359.3,1026.631
1782833400000,58359.4,58435.5,58352.4,58401.6,705.557
1782833700000,58401.6,58413.4,58232.0,58305.4,563.274
1782834000000,58305.4,58479.6,58300.0,58415.2,689.011
1782834300000,58415.2,58785.6,58415.2,58541.1,2806.233
1782834600000,58541.2,58589.4,58473.4,58482.0,473.409
1782834900000,58482.0,58567.3,58318.2,58356.2,903.838
1782835200000,58356.2,58458.0,58330.8,58428.9,592.936
1782835500000,58428.8,58617.4,58404.8,58556.7,975.22
1782835800000,58556.5,58589.4,58371.2,58383.2,491.471
1782836100000,58383.2,58453.6,58288.6,58396.1,999.926
1782836400000,58396.1,58405.2,58294.4,58294.4,558.797
1782836700000,58294.4,58300.5,58223.3,58293.7,784.326
1782837000000,58293.7,58388.8,58232.3,58374.1,717.162
1782837300000,58374.2,58460.9,58266.2,58460.8,530.765
1782837600000,58460.7,58460.9,58273.9,58307.1,512.939
1782837900000,58307.2,58414.7,58307.2,58398.5,415.606
1782838200000,58398.4,58531.1,58365.0,58502.2,571.929
1782838500000,58502.1,58555.3,58408.8,58479.3,661.823
1782838800000,58479.2,58550.7,58423.2,58521.2,339.69
1782839100000,58521.3,58604.8,58480.0,58517.4,647.271
1782839400000,58517.4,58517.5,58364.0,58387.9,430.41
1782839700000,58387.9,58462.2,58361.1,58436.5,420.057
1782840000000,58436.5,58464.9,58349.9,58383.1,332.494
1782840300000,58383.1,58416.1,58341.6,58372.4,279.995
1782840600000,58372.5,58439.5,58311.0,58387.7,428.578
1782840900000,58387.8,58433.6,58326.0,58329.1,350.127
1782841200000,58329.1,58399.9,58329.1,58355.5,191.971
1782841500000,58355.5,58355.5,58290.0,58295.9,367.093
1782841800000,58295.9,58383.3,58295.0,58378.2,239.087
1782842100000,58378.2,58410.8,58355.0,58396.7,225.413
1782842400000,58396.8,58463.0,58353.2,58367.8,465.353
1782842700000,58367.8,58456.4,58334.0,58456.1,212.675
1782843000000,58456.2,58476.7,58407.6,58451.8,189.184
1782843300000,58451.8,58675.0,58412.6,58626.3,847.559
1782843600000,58626.4,58626.4,58410.0,58410.1,674.891
1782843900000,58410.0,58519.8,58401.4,58513.3,258.613
1782844200000,58513.3,58536.9,58440.0,58453.8,213.677
1782844500000,58453.8,58475.6,58368.5,58388.9,318.517
1782844800000,58388.9,58437.5,58358.1,58436.4,330.29
1782845100000,58436.4,58600.1,58436.4,58600.1,283.5
1782845400000,58600.0,58652.3,58561.2,58620.6,604.71
1782845700000,58620.6,58667.1,58604.0,58659.8,293.281
1782846000000,58659.9,58722.4,58602.6,58629.1,745.015
1782846300000,58629.1,58680.3,58566.3,58663.3,321.756
1782846600000,58663.3,58663.3,58574.9,58633.0,209.462
1782846900000,58633.0,58650.0,58577.3,58630.9,384.186
1782847200000,58631.0,58632.6,58560.0,58585.5,268.14
1782847500000,58585.5,58649.4,58568.3,58649.4,206.014
1782847800000,58649.3,58760.0,58634.3,58754.2,642.497
1782848100000,58754.1,58797.3,58710.5,58723.2,446.495
1782848400000,58723.2,58746.9,58668.6,58734.2,316.373
1782848700000,58734.2,58819.9,58693.7,58796.2,363.897
1782849000000,58796.1,58796.2,58668.9,58731.1,441.241
1782849300000,58731.1,58808.5,58726.0,58794.4,425.686
1782849600000,58794.0,58810.2,58712.5,58793.5,422.737
1782849900000,58793.5,58818.7,58743.9,58818.7,279.552
1782850200000,58818.7,58850.0,58771.5,58838.4,385.716
1782850500000,58838.3,58839.8,58739.2,58739.2,315.209
1782850800000,58739.3,58743.4,58670.9,58694.6,291.939
1782851100000,58694.7,58735.7,58683.1,58718.9,163.637
1782851400000,58718.9,58718.9,58621.3,58681.5,379.338
1782851700000,58681.5,58697.4,58660.0,58684.9,134.356
1782852000000,58684.8,58718.7,58633.1,58633.1,444.804
1782852300000,58633.2,58770.3,58621.7,58704.4,354.376
1782852600000,58704.3,58714.1,58661.5,58704.6,240.178
1782852900000,58704.5,58750.2,58697.5,58708.0,178.265
1782853200000,58708.0,58744.3,58698.3,58698.3,165.852
1782853500000,58698.4,58723.1,58644.9,58645.1,386.321
1782853800000,58645.1,58645.1,58525.7,58555.8,597.25
1782854100000,58555.7,58614.6,58555.7,58584.1,184.506
1782854400000,58584.1,58584.2,58472.3,58483.4,392.377
1782854700000,58483.4,58585.6,58479.9,58567.8,194.877
1782855000000,58567.7,58611.8,58552.0,58611.7,142.09
1782855300000,58611.7,58636.9,58597.5,58626.6,176.792
1782855600000,58626.6,58636.9,58553.8,58560.3,253.152
1782855900000,58560.3,58590.4,58486.3,58558.1,395.616
1782856200000,58558.0,58617.7,58558.0,58584.2,115.028
1782856500000,58584.2,58627.8,58584.1,58612.1,141.673
1782856800000,58612.3,58715.6,58612.3,58670.6,280.29
1782857100000,58670.6,58717.8,58662.7,58693.4,165.088
1782857400000,58693.4,58718.5,58624.5,58703.8,177.452
1782857700000,58703.8,58780.0,58671.7,58753.2,186.364
1782858000000,58753.2,58753.2,58662.0,58674.2,118.279
1782858300000,58674.2,58674.2,58618.0,58623.6,101.448
1782858600000,58623.7,58623.7,58477.1,58500.0,390.695
1782858900000,58500.1,58570.7,58482.1,58564.0,188.626
1782859200000,58564.1,58584.5,58550.0,58572.7,104.178
1782859500000,58572.8,58600.0,58540.3,58588.1,97.842
1782859800000,58588.1,58594.0,58512.0,58521.1,97.695
1782860100000,58521.1,58595.9,58521.1,58575.8,97.321
1782860400000,58575.7,58599.0,58537.3,58541.9,143.73
1782860700000,58541.9,58620.0,58518.8,58594.5,126.442
1782861000000,58594.4,58596.5,58561.5,58580.0,78.426
1782861300000,58579.9,58629.5,58570.0,58592.6,94.019
1782861600000,58592.6,58617.4,58550.0,58617.4,176.122
1782861900000,58617.4,58627.5,58581.8,58586.0,98.338
1782862200000,58586.0,58616.3,58545.0,58616.3,109.81
1782862500000,58616.2,58616.2,58553.4,58553.5,99.022
1782862800000,58553.5,58584.8,58536.4,58581.8,180.131
1782863100000,58581.8,58625.2,58556.2,58622.2,154.188
1782863400000,58622.3,58636.7,58588.2,58611.0,144.181
1782863700000,58611.0,58634.0,58596.9,58605.4,147.184
1782864000000,58605.4,58700.0,58605.4,58699.9,415.91
1782864300000,58700.0,58720.0,58626.6,58633.1,198.832
1782864600000,58633.1,58692.3,58571.6,58618.1,382.978
1782864900000,58618.1,58653.8,58486.8,58486.8,303.842
1782865200000,58486.9,58528.3,58370.9,58408.1,1228.995
1782865500000,58408.0,58411.8,58270.0,58360.6,1630.507
1782865800000,58360.6,58553.5,58360.6,58475.8,442.278
1782866100000,58475.8,58478.8,58402.0,58407.0,160.664
1782866400000,58407.0,58460.0,58395.4,58454.9,137.923
1782866700000,58454.8,58494.3,58439.5,58469.3,188.499
1782867000000,58469.3,58598.2,58469.3,58516.5,307.827
1782867300000,58516.5,58560.0,58516.5,58548.7,138.474
1782867600000,58548.7,58557.1,58357.1,58360.6,285.965
1782867900000,58360.6,58360.7,58206.0,58266.2,1127.284
1782868200000,58266.2,58274.8,57758.6,58137.2,9100.049
1782868500000,58137.3,58327.7,58000.0,58255.6,2970.322
1782868800000,58255.5,58377.0,58160.0,58195.7,1656.163
1782869100000,58195.8,58374.9,58164.4,58318.2,1264.128
1782869400000,58318.3,58540.9,58300.0,58437.8,2179.901
1782869700000,58437.8,58900.0,58428.6,58733.0,3176.74
1782870000000,58732.9,58981.0,58693.2,58872.0,3567.042
1782870300000,58872.1,58991.6,58727.0,58774.8,2197.052
1782870600000,58774.8,58812.8,58685.4,58812.8,712.293
1782870900000,58812.8,58869.0,58741.6,58741.7,665.895
1782871200000,58741.8,58812.6,58725.0,58750.0,470.917
1782871500000,58750.0,58750.0,58632.4,58680.0,770.867
1782871800000,58680.0,58843.1,58678.0,58774.0,588.786
1782872100000,58774.0,58875.4,58755.0,58817.9,685.942
1782872400000,58817.9,58999.0,58800.0,58900.1,1782.138
1782872700000,58900.1,58982.7,58870.0,58923.7,737.176
1782873000000,58923.7,59050.1,58887.9,58978.8,1660.584
1782873300000,58978.8,59055.0,58969.8,59013.1,1126.679
1782873600000,59013.1,59151.9,58966.4,59111.2,1472.152
1782873900000,59111.3,59152.0,58979.4,59049.3,1853.634
1782874200000,59049.2,59097.0,58991.7,59097.0,452.74
1782874500000,59096.9,59100.0,59060.0,59063.3,415.985
1782874800000,59063.3,59067.5,58983.7,58999.4,402.512
1782875100000,58999.4,59097.1,58999.4,59033.8,600.868
1782875400000,59033.9,59033.9,58965.2,58968.0,640.084
1782875700000,58968.1,58982.0,58874.9,58891.9,733.732
1782876000000,58891.8,58914.0,58861.5,58867.2,495.729
1782876300000,58867.2,58932.6,58862.9,58901.6,1551.798
1782876600000,58901.7,58915.7,58823.9,58885.1,346.125
1782876900000,58885.1,59126.0,58885.1,58980.0,946.359
1782877200000,58980.1,58998.0,58900.9,58915.7,250.861
1782877500000,58915.7,59023.7,58903.4,58964.0,297.689
1782877800000,58963.9,59298.4,58951.8,59253.3,2750.681
1782878100000,59253.4,59287.3,59140.6,59169.6,816.691
1782878400000,59169.7,59171.2,59030.9,59082.9,560.824
1782878700000,59082.9,59124.6,59073.3,59119.4,314.973
1782879000000,59119.4,59136.0,59073.6,59087.7,180.567
1782879300000,59087.7,59184.3,59069.0,59170.1,340.994
1782879600000,59170.0,59232.1,59134.7,59183.4,399.234
1782879900000,59183.3,59250.0,59170.4,59248.3,309.159
1782880200000,59248.3,59270.0,59202.9,59208.9,306.423
1782880500000,59209.0,59272.7,59172.2,59240.5,344.824
1782880800000,59240.5,59349.6,59227.6,59329.4,888.723
1782881100000,59329.3,59444.5,59313.2,59363.1,1203.407
1782881400000,59363.1,59374.9,59270.9,59322.5,422.561
1782881700000,59322.4,59322.5,59285.1,59311.2,694.5
1782882000000,59311.1,59311.1,59253.9,59280.7,401.959
1782882300000,59280.8,59350.0,59238.8,59238.9,385.184
1782882600000,59238.8,59269.8,59214.0,59257.9,326.502
1782882900000,59258.0,59329.8,59257.9,59305.8,273.316
1782883200000,59305.8,59305.8,59153.8,59215.8,438.117
1782883500000,59215.8,59269.3,59085.0,59148.8,1130.263
1782883800000,59148.8,59177.6,59120.0,59172.2,336.788
1782884100000,59172.2,59178.5,59090.9,59145.5,458.08
1782884400000,59145.3,59175.4,59138.3,59163.3,134.968
1782884700000,59163.3,59177.3,59119.4,59125.9,218.695
1782885000000,59125.9,59156.6,59101.6,59115.3,183.908
1782885300000,59115.2,59129.8,59100.4,59122.4,175.311
1782885600000,59122.3,59130.0,58971.0,58979.9,785.983
1782885900000,58979.9,59022.8,58920.4,58920.5,700.012
1782886200000,58920.4,58956.2,58881.0,58920.9,1049.041
1782886500000,58920.9,58943.5,58830.0,58839.7,992.302
1782886800000,58839.8,58852.0,58655.3,58745.9,2081.012
1782887100000,58745.9,58778.3,58716.9,58759.9,859.496
1782887400000,58760.0,58804.8,58620.6,58622.4,1078.251
1782887700000,58622.3,58697.6,58500.1,58605.3,3564.333
1782888000000,58605.3,58670.9,58582.0,58670.9,777.703
1782888300000,58670.8,58670.9,58582.6,58657.7,786.802
1782888600000,58657.7,58752.9,58657.6,58706.8,649.344
1782888900000,58706.9,58752.2,58700.2,58726.8,468.448
1782889200000,58726.7,58765.6,58638.0,58652.5,603.25
1782889500000,58652.6,58663.8,58567.2,58635.5,551.218
1782889800000,58635.5,58660.1,58590.2,58651.9,245.094
1782890100000,58652.0,58703.1,58609.0,58642.0,254.452
1782890400000,58642.0,58783.2,58606.3,58776.2,493.863
1782890700000,58776.3,58797.6,58709.3,58709.3,291.846
1782891000000,58709.3,58718.9,58611.2,58718.8,390.488
1782891300000,58718.8,58728.8,58647.4,58679.0,292.679
1782891600000,58679.0,58712.0,58655.5,58663.1,197.497
1782891900000,58663.1,58745.8,58638.0,58736.4,281.677
1782892200000,58736.6,58778.2,58700.0,58700.0,428.63
1782892500000,58700.1,58749.9,58694.6,58744.4,174.092
1782892800000,58744.4,58750.0,58628.5,58715.2,334.073
1782893100000,58715.2,58789.1,58700.2,58700.2,292.327
1782893400000,58700.2,58720.0,58662.1,58667.6,133.906
1782893700000,58667.6,58698.5,58657.8,58673.3,198.295
1782894000000,58673.4,58673.4,58568.1,58570.8,479.184
1782894300000,58570.7,58650.0,58570.7,58590.3,369.679
1782894600000,58590.3,58633.0,58450.7,58558.5,1004.517
1782894900000,58558.6,58636.9,58522.5,58592.0,840.465
1782895200000,58592.0,58723.0,58578.1,58713.4,406.875
1782895500000,58713.4,58721.1,58651.0,58675.4,217.554
1782895800000,58675.4,58790.7,58669.8,58774.4,479.25
1782896100000,58774.4,58965.0,58768.5,58950.8,1590.13
1782896400000,58950.8,58972.5,58865.9,58912.9,613.805
1782896700000,58912.9,59069.7,58909.6,58983.1,1008.185
1782897000000,58983.0,58999.0,58922.1,58929.9,394.185
1782897300000,58930.0,58976.0,58917.2,58942.5,290.13
1782897600000,58942.5,58945.9,58875.5,58902.3,922.045
1782897900000,58902.3,58902.4,58841.3,58869.4,305.015
1782898200000,58869.3,58920.7,58860.0,58893.5,184.296
1782898500000,58893.6,58895.6,58830.7,58847.6,201.12
1782898800000,58847.6,58869.7,58792.8,58859.6,437.073
1782899100000,58859.7,58926.7,58818.1,58880.0,464.57
1782899400000,58880.0,58932.0,58847.4,58931.9,300.494
1782899700000,58932.0,58950.0,58912.0,58921.4,132.551
1782900000000,58921.4,58923.3,58845.1,58880.3,211.656
1782900300000,58880.3,58884.4,58825.1,58843.6,195.959
1782900600000,58843.6,58843.7,58724.2,58733.7,598.635
1782900900000,58733.7,58750.0,58659.3,58749.9,576.583
1782901200000,58750.0,58766.7,58749.9,58766.7,19.552
